Workbook
Name DataChannelCountSetting: Beállítások!$C$8
Name DataDelaySetting: Beállítások!$C$4
Name DataOrientationSetting: Beállítások!$C$10
Name DataRowCountSetting: Beállítások!$C$6
Name Manifest_BaudRate: Jegyzékfájl!$I$9
Name Manifest_DataInterval: Jegyzékfájl!$I$7
Name Manifest_Generated: Jegyzékfájl!$K$5
Name Manifest_Id: Jegyzékfájl!$I$5:$J$5
Name Manifest_Schema: Jegyzékfájl!$L$1

Sheet Munka1
N1: 608 | O1: 642 | P1: 661 | Q1: 711
P2: ='Bejövő adatok'!D8 -> 70.32 | Q2: ='Bejövő adatok'!E8 -> 2.44 | R2: =(850-N1+500)/10 -> 74.2 | S2: =(850-O1+500)/10 -> 70.8 | T2: =(850-P1+500)/10 -> 68.9 | U2: =(850-Q1+500)/10 -> 63.9 | X2: =R$2 -> 74.2 | Y2: =S$2 -> 70.8 | Z2: =T$2 -> 68.9 | AA2: =U$2 -> 63.9
A3: =VALUE('Bejövő adatok'!B8) -> 64.09 | B3: =C3/50 -> 0 | C3: 0 | X3: =R$2 -> 74.2 | Y3: =S$2 -> 70.8 | Z3: =T$2 -> 68.9 | AA3: =U$2 -> 63.9
A4: =VALUE('Bejövő adatok'!B9) -> 64.22 | B4: =C4/50 -> 0.02 | C4: 1 | X4: =R$2 -> 74.2 | Y4: =S$2 -> 70.8 | Z4: =T$2 -> 68.9 | AA4: =U$2 -> 63.9
A5: =VALUE('Bejövő adatok'!B10) -> 64.42 | B5: =C5/50 -> 0.04 | C5: 2 | X5: =R$2 -> 74.2 | Y5: =S$2 -> 70.8 | Z5: =T$2 -> 68.9 | AA5: =U$2 -> 63.9
A6: =VALUE('Bejövő adatok'!B11) -> 64.65 | B6: =C6/50 -> 0.06 | C6: 3 | X6: =R$2 -> 74.2 | Y6: =S$2 -> 70.8 | Z6: =T$2 -> 68.9 | AA6: =U$2 -> 63.9
A7: =VALUE('Bejövő adatok'!B12) -> 64.78 | B7: =C7/50 -> 0.08 | C7: 4 | X7: =R$2 -> 74.2 | Y7: =S$2 -> 70.8 | Z7: =T$2 -> 68.9 | AA7: =U$2 -> 63.9
A8: =VALUE('Bejövő adatok'!B13) -> 65.03 | B8: =C8/50 -> 0.1 | C8: 5 | X8: =R$2 -> 74.2 | Y8: =S$2 -> 70.8 | Z8: =T$2 -> 68.9 | AA8: =U$2 -> 63.9
A9: =VALUE('Bejövő adatok'!B14) -> 65.17 | B9: =C9/50 -> 0.12 | C9: 6 | X9: =R$2 -> 74.2 | Y9: =S$2 -> 70.8 | Z9: =T$2 -> 68.9 | AA9: =U$2 -> 63.9
A10: =VALUE('Bejövő adatok'!B15) -> 65.28 | B10: =C10/50 -> 0.14 | C10: 7 | X10: =R$2 -> 74.2 | Y10: =S$2 -> 70.8 | Z10: =T$2 -> 68.9 | AA10: =U$2 -> 63.9
A11: =VALUE('Bejövő adatok'!B16) -> 65.42 | B11: =C11/50 -> 0.16 | C11: 8 | X11: =R$2 -> 74.2 | Y11: =S$2 -> 70.8 | Z11: =T$2 -> 68.9 | AA11: =U$2 -> 63.9
A12: =VALUE('Bejövő adatok'!B17) -> 65.59 | B12: =C12/50 -> 0.18 | C12: 9 | X12: =R$2 -> 74.2 | Y12: =S$2 -> 70.8 | Z12: =T$2 -> 68.9 | AA12: =U$2 -> 63.9
A13: =VALUE('Bejövő adatok'!B18) -> 65.76 | B13: =C13/50 -> 0.2 | C13: 10 | X13: =R$2 -> 74.2 | Y13: =S$2 -> 70.8 | Z13: =T$2 -> 68.9 | AA13: =U$2 -> 63.9
A14: =VALUE('Bejövő adatok'!B19) -> 65.91 | B14: =C14/50 -> 0.22 | C14: 11 | S14: =AVERAGE('Bejövő adatok'!C103:C107) -> 68.796 | X14: =R$2 -> 74.2 | Y14: =S$2 -> 70.8 | Z14: =T$2 -> 68.9 | AA14: =U$2 -> 63.9
A15: =VALUE('Bejövő adatok'!B20) -> 66.09 | B15: =C15/50 -> 0.24 | C15: 12 | X15: =R$2 -> 74.2 | Y15: =S$2 -> 70.8 | Z15: =T$2 -> 68.9 | AA15: =U$2 -> 63.9
A16: =VALUE('Bejövő adatok'!B21) -> 66.29 | B16: =C16/50 -> 0.26 | C16: 13 | X16: =R$2 -> 74.2 | Y16: =S$2 -> 70.8 | Z16: =T$2 -> 68.9 | AA16: =U$2 -> 63.9
A17: =VALUE('Bejövő adatok'!B22) -> 66.45 | B17: =C17/50 -> 0.28 | C17: 14 | X17: =R$2 -> 74.2 | Y17: =S$2 -> 70.8 | Z17: =T$2 -> 68.9 | AA17: =U$2 -> 63.9
A18: =VALUE('Bejövő adatok'!B23) -> 66.53 | B18: =C18/50 -> 0.3 | C18: 15 | X18: =R$2 -> 74.2 | Y18: =S$2 -> 70.8 | Z18: =T$2 -> 68.9 | AA18: =U$2 -> 63.9
A19: =VALUE('Bejövő adatok'!B24) -> 66.65 | B19: =C19/50 -> 0.32 | C19: 16 | X19: =R$2 -> 74.2 | Y19: =S$2 -> 70.8 | Z19: =T$2 -> 68.9 | AA19: =U$2 -> 63.9
A20: =VALUE('Bejövő adatok'!B25) -> 66.83 | B20: =C20/50 -> 0.34 | C20: 17 | X20: =R$2 -> 74.2 | Y20: =S$2 -> 70.8 | Z20: =T$2 -> 68.9 | AA20: =U$2 -> 63.9
A21: =VALUE('Bejövő adatok'!B26) -> 67.01 | B21: =C21/50 -> 0.36 | C21: 18 | X21: =R$2 -> 74.2 | Y21: =S$2 -> 70.8 | Z21: =T$2 -> 68.9 | AA21: =U$2 -> 63.9
A22: =VALUE('Bejövő adatok'!B27) -> 67.11 | B22: =C22/50 -> 0.38 | C22: 19 | X22: =R$2 -> 74.2 | Y22: =S$2 -> 70.8 | Z22: =T$2 -> 68.9 | AA22: =U$2 -> 63.9
A23: =VALUE('Bejövő adatok'!B28) -> 67.28 | B23: =C23/50 -> 0.4 | C23: 20 | X23: =R$2 -> 74.2 | Y23: =S$2 -> 70.8 | Z23: =T$2 -> 68.9 | AA23: =U$2 -> 63.9
A24: =VALUE('Bejövő adatok'!B29) -> 67.43 | B24: =C24/50 -> 0.42 | C24: 21 | X24: =R$2 -> 74.2 | Y24: =S$2 -> 70.8 | Z24: =T$2 -> 68.9 | AA24: =U$2 -> 63.9
A25: =VALUE('Bejövő adatok'!B30) -> 67.58 | B25: =C25/50 -> 0.44 | C25: 22 | X25: =R$2 -> 74.2 | Y25: =S$2 -> 70.8 | Z25: =T$2 -> 68.9 | AA25: =U$2 -> 63.9
A26: =VALUE('Bejövő adatok'!B31) -> 67.69 | B26: =C26/50 -> 0.46 | C26: 23 | X26: =R$2 -> 74.2 | Y26: =S$2 -> 70.8 | Z26: =T$2 -> 68.9 | AA26: =U$2 -> 63.9
... A100: =VALUE('Bejövő adatok'!B105) -> 68.76 | B100: =C100/50 -> 1.94 | C100: 97 | X100: =R$2 -> 74.2 | Y100: =S$2 -> 70.8 | Z100: =T$2 -> 68.9 | AA100: =U$2 -> 63.9
A101: =VALUE('Bejövő adatok'!B106) -> 64.83 | B101: =C101/50 -> 1.96 | C101: 98
A102: =VALUE('Bejövő adatok'!B107) -> 57.45 | B102: =C102/50 -> 1.98 | C102: 99

Sheet Bejövő adatok
A1: Bejövő adatok innen: USB-SERIAL CH340 (COM6)
A2: Ebben a szakaszban fognak megjelenni a jelenlegi adatforrásból érkező adatok a fogadásukkor.
A3: Jelenlegi adatok
A4: TIME | B4: CH1 | C4: CH2 | D4: CH3 | E4: CH4 | F4: CH5 | G4: CH6 | H4: CH7 | I4: CH8 | J4: CH9 | K4: CH10
A5: 46275.803 | B5: 64.83 | C5: 68.76 | D5: 69.96 | E5: 2.21
A6: Előzményadatok
A7: TIME | B7: CH1 | C7: CH2 | D7: CH3 | E7: CH4 | F7: CH5 | G7: CH6 | H7: CH7 | I7: CH8 | J7: CH9 | K7: CH10
A8: 46275.803 | B8: 64.09 | C8: 68.82 | D8: 70.32 | E8: 2.44
A9: 46275.803 | B9: 64.22 | C9: 68.82 | D9: 70.32 | E9: 2.44
A10: 46275.803 | B10: 64.42 | C10: 68.82 | D10: 70.32 | E10: 2.44
A11: 46275.803 | B11: 64.65 | C11: 68.82 | D11: 70.32 | E11: 2.44
A12: 46275.803 | B12: 64.78 | C12: 68.82 | D12: 70.32 | E12: 2.44
A13: 46275.803 | B13: 65.03 | C13: 68.82 | D13: 70.32 | E13: 2.44
A14: 46275.803 | B14: 65.17 | C14: 68.82 | D14: 70.32 | E14: 2.44
A15: 46275.803 | B15: 65.28 | C15: 68.82 | D15: 70.32 | E15: 2.44
A16: 46275.803 | B16: 65.42 | C16: 68.82 | D16: 70.32 | E16: 2.44
A17: 46275.803 | B17: 65.59 | C17: 68.82 | D17: 70.32 | E17: 2.44
A18: 46275.803 | B18: 65.76 | C18: 68.82 | D18: 70.32 | E18: 2.44
A19: 46275.803 | B19: 65.91 | C19: 68.82 | D19: 70.32 | E19: 2.44
... A107: 46275.803 | B107: 57.45 | C107: 68.76 | D107: 69.96 | E107: 2.21

Sheet Kimenő adatok
A1: Kimenő adatok (küldés az eszközre)
A2: Az alábbi csatornákba bevitt adatokat a rendszer egy vesszővel tagolt karakterláncként küldi el a jelenleg csatlakoztatott eszköznek.
A4: CH1 | B4: CH2 | C4: CH3 | D4: CH4 | E4: CH5 | F4: CH6 | G4: CH7 | H4: CH8 | I4: CH9 | J4: CH10
A5: R

Sheet Beállítások
A1: Munkafüzet-beállítások
A2: Az alábbi beállítások hatással lesznek arra, hogy miként olvassa be a program az adatokat az adatforrásokból a jelenlegi munkafüzetbe. Az egyes mezők tartalmának törlésével visszaállíthatja az alapértelmezett beállításukat.
A4: Adatok időköze (ms) | B4: 150 | C4: 150
A6: Adatsorok | B6: 15 | C6: 100
A8: Adatcsatornák | B8: 10 | C8: 10
A10: Adatok iránya | B10: Legújabbak utoljára | C10: Legújabbak utoljára
A13: FIGYELMEZTETÉS: Ha módosítja a beállításokat, tartalmak és/vagy egyéni formázások veszhetnek el a Bejövő adatok és a Kimenő adatok munkalapon. Az értékek módosítása előtt mindig mentse a beállításokat.

Sheet Jegyzékfájl
A1: USB-SERIAL CH340 | L1: {"Channels":[{"Description":null,"Id":null,"IsGhost":false,"Name":null,"Status":"Active","SubChannels":[{"Description":null,"Id":"CH1","IsGhost":false,"Name":"CH1","Status":"Active","SubChannels":[],"UnitOfMeasure":null},{"Description":null,"Id":"CH2","IsGhost":false,"Name":"CH2","Status":"Active","SubChannels":[],"UnitOfMeasure":null},{"Description":null,"Id":"CH3","IsGhost":false,"Name":"CH3","Status":"Active","SubChannels":[],"UnitOfMeasure":null},{"Description":null,"Id":"CH4","IsGhost":false,"Name":"CH4","Status":"Active","SubChannels":[],"UnitOfMeasure":null},{"Description":null,"Id":"CH5","IsGhost":false,"Name":"CH5","Status":"Active","SubChannels":[],"UnitOfMeasure":null},{"Description":null,"Id":"CH6","IsGhost":false,"Name":"CH6","Status":"Active","SubChannels":[],"UnitOfMeasure":null},{"Description":null,"Id":"CH7","IsGhost":false,"Name":"CH7","Status":"Active","SubChannels":[],"UnitOfMeasure":null},{"Description":null,"Id":"CH8","IsGhost":false,"Name":"CH8","Status":"Active","SubChannels":[],"UnitOfMeasure":null},{"Description":null,"Id":"CH9","IsGhost":false,"Name":"CH9","Status":"Active","SubChannels":[],"UnitOfMeasure":null},{"Description":null,"Id":"CH10","IsGhost":false,"Name":"CH10","Status":"Active","SubChannels":[],"UnitOfMeasure":null}],"UnitOfMeasure":null}],"Commands":[],"DataInterval":150,"Id":"D51DF0AC-7EB6-4E4A-8F99-4624ED5F788B","IsGenerated":true,"Name":"USB-SERIAL CH340","Version":null,"BaudRate":115200}
A2: Ez a jegyzékfájl a csatlakoztatott eszközhöz készült. Ha itt módosítja az eszköz nevét és a csatorna adatait, frissítjük a munkalapon lévő adatokat.
B3: Csatornák
I4: Adatforrás azonosítója
C5: Azonosító | D5: Név | E5: Leírás | F5: Mértékegység | G5: Aktív | I5: D51DF0AC-7EB6-4E4A-8F99-4624ED5F788B | K5: 1
C6: CH1 | D6: CH1 | G6: ü | I6: Adatok időköze (ms)
C7: CH2 | D7: CH2 | G7: ü | I7: 150
C8: CH3 | D8: CH3 | G8: ü | I8: Átviteli sebesség
C9: CH4 | D9: CH4 | G9: ü | I9: 115200
C10: CH5 | D10: CH5 | G10: ü
C11: CH6 | D11: CH6 | G11: ü
C12: CH7 | D12: CH7 | G12: ü
C13: CH8 | D13: CH8 | G13: ü
C14: CH9 | D14: CH9 | G14: ü
C15: CH10 | D15: CH10 | G15: ü
